{
    "4037.0": 0.006111465634314877,
    "15.0": 0.004881378436710603,
    "6634.0": 0.004757993172030256,
    "2625.0": 0.0043558035224421695,
    "2398.0": 0.0034603810669944527,
    "2470.0": 0.0033478117094629138,
    "2237.0": 0.0033118029342177587,
    "4191.0": 0.003008328955246508,
    "7553.0": 0.0028781697176433994,
    "5254.0": 0.0028521309435121005,
    "2328.0": 0.0027050994295922453,
    "1186.0": 0.0027001588040587972,
    "1297.0": 0.002581177619618873,
    "4335.0": 0.00256913482566399,
    "7620.0": 0.0025629249148804364,
    "5412.0": 0.0025454605274629295,
    "7632.0": 0.0025306393530353955,
    "4875.0": 0.0024856331618769486,
    "6946.0": 0.0023988898750150712,
    "3352.0": 0.002366436427424421,
    "6832.0": 0.00234551263491001,
    "2654.0": 0.0023439206814750155,
    "762.0": 0.0023109745162568007,
    "737.0": 0.002307641912136807,
    "2066.0": 0.002275890947674191,
    "8293.0": 0.002262109619735001,
    "3089.0": 0.0022577338149373126,
    "28.0": 0.0022402247095521114,
    "2535.0": 0.0022102366692806318,
    "3334.0": 0.002197975946126917,
    "214.0": 0.002190755284702281,
    "665.0": 0.002179545616770363,
    "4735.0": 0.0021478896848623986,
    "6774.0": 0.0021421668997883506,
    "7092.0": 0.002124575568191355,
    "2565.0": 0.0020576544556392363,
    "5484.0": 0.0020468336039653695,
    "8042.0": 0.0019589918702026827,
    "4310.0": 0.001939354674777017,
    "5423.0": 0.0018804947752264684,
    "1211.0": 0.0018804350335226727,
    "3456.0": 0.0018794884354831074,
    "2657.0": 0.0018109408030261636,
    "5404.0": 0.0018092989392090601,
    "5233.0": 0.001806419658938005,
    "4712.0": 0.0017800283112217707,
    "271.0": 0.0017592971447599835,
    "4828.0": 0.0017252914411438904,
    "5079.0": 0.001723354863249413,
    "4261.0": 0.0017055690883379143,
    "5210.0": 0.001698318881148054,
    "8163.0": 0.0016757201706076323,
    "6914.0": 0.0016720775905218464,
    "3459.0": 0.0016678423669374213,
    "2285.0": 0.0016470805845442576,
    "1549.0": 0.0016468738357104402,
    "1842.0": 0.001638490324020404,
    "4666.0": 0.0016076392956752483,
    "993.0": 0.0015921421737841632,
    "3084.0": 0.0015699009122682945,
    "3562.0": 0.0015628859401470127,
    "1026.0": 0.0015558380886157412,
    "5123.0": 0.0015452261932992497,
    "2958.0": 0.0015373337171521674,
    "3537.0": 0.0015179391226131927,
    "3117.0": 0.0015172686711091433,
    "2576.0": 0.001512274379020939,
    "2643.0": 0.0014872938855169011,
    "922.0": 0.0014724957032168791,
    "5022.0": 0.0014696888280571292,
    "299.0": 0.001464547983975124,
    "1855.0": 0.0014611148842774704,
    "3897.0": 0.0014579012006768854,
    "2651.0": 0.0014574626818907321,
    "4110.0": 0.0014544943222430952,
    "282.0": 0.0014257652673237238,
    "4600.0": 0.001419981497611856,
    "1031.0": 0.0014183272715441798,
    "4687.0": 0.0014173362513610539,
    "7699.0": 0.001413189708025281,
    "4536.0": 0.001412079773652712,
    "2871.0": 0.0014114369350020956,
    "2746.0": 0.0014111940813920428,
    "3443.0": 0.0014096851263990795,
    "3755.0": 0.001407913971343462,
    "1385.0": 0.0014053094488623522,
    "3568.0": 0.0013951013214390073,
    "5459.0": 0.0013923341267755426,
    "5543.0": 0.0013916554299695113,
    "4400.0": 0.0013837939634853403,
    "2485.0": 0.0013657132521842084,
    "1633.0": 0.001349241227911343,
    "7890.0": 0.001345351426256999,
    "3976.0": 0.00134370266938932,
    "4256.0": 0.0013418885518429095,
    "1726.0": 0.001321678846956779,
    "3238.0": 0.0013141327212503767,
    "2323.0": 0.001308932442752692,
    "6784.0": 0.0013027657538543784,
    "3034.0": 0.0012986475340184902
}
