{
    "4037.0": 0.0061114656343148775,
    "15.0": 0.004881378436710602,
    "6634.0": 0.004757993172030257,
    "2625.0": 0.0043558035224421695,
    "2398.0": 0.0034603810669944527,
    "2470.0": 0.0033478117094629146,
    "2237.0": 0.0033118029342177587,
    "4191.0": 0.003008328955246508,
    "7553.0": 0.0028781697176434003,
    "5254.0": 0.0028521309435121005,
    "2328.0": 0.002705099429592246,
    "1186.0": 0.002700158804058798,
    "1297.0": 0.002581177619618873,
    "4335.0": 0.002569134825663991,
    "7620.0": 0.0025629249148804373,
    "5412.0": 0.0025454605274629312,
    "7632.0": 0.0025306393530353955,
    "4875.0": 0.0024856331618769486,
    "6946.0": 0.0023988898750150712,
    "3352.0": 0.002366436427424422,
    "6832.0": 0.002345512634910011,
    "2654.0": 0.0023439206814750155,
    "762.0": 0.0023109745162568016,
    "737.0": 0.002307641912136807,
    "2066.0": 0.002275890947674191,
    "8293.0": 0.002262109619735002,
    "3089.0": 0.0022577338149373134,
    "28.0": 0.0022402247095521105,
    "2535.0": 0.0022102366692806326,
    "3334.0": 0.002197975946126917,
    "214.0": 0.0021907552847022817,
    "665.0": 0.002179545616770363,
    "4735.0": 0.0021478896848623995,
    "6774.0": 0.0021421668997883515,
    "7092.0": 0.002124575568191356,
    "2565.0": 0.002057654455639237,
    "5484.0": 0.0020468336039653695,
    "8042.0": 0.001958991870202683,
    "4310.0": 0.0019393546747770172,
    "5423.0": 0.0018804947752264689,
    "1211.0": 0.0018804350335226727,
    "3456.0": 0.0018794884354831082,
    "2657.0": 0.0018109408030261636,
    "5404.0": 0.0018092989392090606,
    "5233.0": 0.0018064196589380052,
    "4712.0": 0.0017800283112217713,
    "271.0": 0.0017592971447599832,
    "4828.0": 0.0017252914411438908,
    "5079.0": 0.0017233548632494137,
    "4261.0": 0.0017055690883379143,
    "5210.0": 0.0016983188811480541,
    "8163.0": 0.0016757201706076327,
    "6914.0": 0.0016720775905218466,
    "3459.0": 0.0016678423669374213,
    "2285.0": 0.0016470805845442576,
    "1549.0": 0.0016468738357104406,
    "1842.0": 0.0016384903240204043,
    "4666.0": 0.0016076392956752487,
    "993.0": 0.0015921421737841632,
    "3084.0": 0.0015699009122682947,
    "3562.0": 0.0015628859401470127,
    "1026.0": 0.0015558380886157418,
    "5123.0": 0.0015452261932992497,
    "2958.0": 0.0015373337171521676,
    "3537.0": 0.0015179391226131929,
    "3117.0": 0.0015172686711091435,
    "2576.0": 0.001512274379020939,
    "2643.0": 0.0014872938855169013,
    "922.0": 0.0014724957032168791,
    "5022.0": 0.0014696888280571294,
    "299.0": 0.001464547983975124,
    "1855.0": 0.0014611148842774704,
    "3897.0": 0.0014579012006768856,
    "2651.0": 0.0014574626818907325,
    "4110.0": 0.0014544943222430957,
    "282.0": 0.0014257652673237242,
    "4600.0": 0.0014199814976118563,
    "1031.0": 0.00141832727154418,
    "4687.0": 0.0014173362513610539,
    "7699.0": 0.0014131897080252819,
    "4536.0": 0.0014120797736527123,
    "2871.0": 0.0014114369350020958,
    "2746.0": 0.0014111940813920432,
    "3443.0": 0.0014096851263990797,
    "3755.0": 0.0014079139713434627,
    "1385.0": 0.0014053094488623522,
    "3568.0": 0.0013951013214390077,
    "5459.0": 0.001392334126775543,
    "5543.0": 0.0013916554299695115,
    "4400.0": 0.0013837939634853403,
    "2485.0": 0.001365713252184209,
    "1633.0": 0.0013492412279113432,
    "7890.0": 0.0013453514262569994,
    "3976.0": 0.0013437026693893202,
    "4256.0": 0.0013418885518429095,
    "1726.0": 0.001321678846956779,
    "3238.0": 0.0013141327212503773,
    "2323.0": 0.0013089324427526924,
    "6784.0": 0.0013027657538543789,
    "3034.0": 0.0012986475340184904
}
